id,bank,no,word,meaning,pos,category,alt_spellings,tags,enabled,note
YL113-001,yilan113,1,afraid,害怕的,adj,feeling,,,TRUE,
YL113-002,yilan113,2,afternoon,下午,n,time,,,TRUE,
YL113-003,yilan113,3,agree,同意,v,action,,,TRUE,
YL113-004,yilan113,4,airplane,飛機,n,vehicle,plane,,TRUE,
YL113-005,yilan113,5,all,全部,pron,other,,,TRUE,
YL113-006,yilan113,6,almost,幾乎,adv,other,,,TRUE,
YL113-007,yilan113,7,always,總是,adv,time,,,TRUE,
YL113-008,yilan113,8,angry,生氣的,adj,feeling,,,TRUE,
YL113-009,yilan113,9,animal,動物,n,animal,,,TRUE,
YL113-010,yilan113,10,answer,答案、回答,n,school,,,TRUE,
YL113-011,yilan113,11,ant,螞蟻,n,animal,,,TRUE,
YL113-012,yilan113,12,arm,手臂,n,body,,,TRUE,
YL113-013,yilan113,13,ask,問,v,action,,,TRUE,
YL113-014,yilan113,14,baby,嬰兒,n,people,,,TRUE,
YL113-015,yilan113,15,bag,袋子,n,object,,,TRUE,
YL113-016,yilan113,16,bakery,麵包店,n,place,,,TRUE,
YL113-017,yilan113,17,banana,香蕉,n,fruit,,,TRUE,
YL113-018,yilan113,18,bank,銀行,n,place,,,TRUE,
YL113-019,yilan113,19,baseball,棒球,n,sport,,,TRUE,
YL113-020,yilan113,20,basketball,籃球,n,sport,,,TRUE,
YL113-021,yilan113,21,bathroom,浴室,n,house,,,TRUE,
YL113-022,yilan113,22,beach,海灘,n,place,,,TRUE,
YL113-023,yilan113,23,bear,熊,n,animal,,,TRUE,
YL113-024,yilan113,24,beautiful,美麗的,adj,feeling,,,TRUE,
YL113-025,yilan113,25,bedroom,臥室,n,house,,,TRUE,
YL113-026,yilan113,26,beef,牛肉,n,food,,,TRUE,
YL113-027,yilan113,27,believe,相信,v,action,,,TRUE,
YL113-028,yilan113,28,belt,腰帶、帶子,n,clothing,,,TRUE,
YL113-029,yilan113,29,birthday,生日,n,holiday,,,TRUE,
YL113-030,yilan113,30,bite,咬、啃,v,action,,,TRUE,
YL113-031,yilan113,31,black,黑色,adj,color,,,TRUE,
YL113-032,yilan113,32,blackboard,黑板,n,school,,,TRUE,
YL113-033,yilan113,33,blind,瞎的、盲的,adj,status,,,TRUE,
YL113-034,yilan113,34,blue,藍色,adj,color,,,TRUE,
YL113-035,yilan113,35,boat,小船,n,vehicle,,,TRUE,
YL113-036,yilan113,36,bookstore,書店,n,place,,,TRUE,
YL113-037,yilan113,37,boss,老闆,n,job,,,TRUE,
YL113-038,yilan113,38,bottle,瓶子,n,object,,,TRUE,
YL113-039,yilan113,39,bowl,碗,n,object,,,TRUE,
YL113-040,yilan113,40,breakfast,早餐,n,food,,,TRUE,
YL113-041,yilan113,41,bridge,橋樑,n,place,,,TRUE,
YL113-042,yilan113,42,brother,兄弟,n,family,,,TRUE,
YL113-043,yilan113,43,brown,棕色、咖啡色,adj,color,,,TRUE,
YL113-044,yilan113,44,brush,刷、刷子,n,object,,,TRUE,
YL113-045,yilan113,45,bus,公車,n,vehicle,,,TRUE,
YL113-046,yilan113,46,businessman,商人,n,job,,,TRUE,
YL113-047,yilan113,47,busy,忙、忙碌,adj,status,,,TRUE,
YL113-048,yilan113,48,butter,奶油,n,food,,,TRUE,
YL113-049,yilan113,49,buy,買,v,action,,,TRUE,
YL113-050,yilan113,50,cake,蛋糕,n,food,,,TRUE,
YL113-051,yilan113,51,camera,相機,n,object,,,TRUE,
YL113-052,yilan113,52,candy,糖果,n,food,,,TRUE,
YL113-053,yilan113,53,card,卡片,n,object,,,TRUE,
YL113-054,yilan113,54,careful,小心的、仔細的,adj,status,,,TRUE,
YL113-055,yilan113,55,cat,貓,n,animal,,,TRUE,
YL113-056,yilan113,56,cell phone,手機,n,object,cellphone,,TRUE,
YL113-057,yilan113,57,chair,椅子,n,house,,,TRUE,
YL113-058,yilan113,58,chalk,粉筆,n,school,,,TRUE,
YL113-059,yilan113,59,cheap,便宜的,adj,status,,,TRUE,
YL113-060,yilan113,60,cheat,欺騙、作弊,v,action,,,TRUE,
YL113-061,yilan113,61,cheese,乳酪、起士,n,food,,,TRUE,
YL113-062,yilan113,62,chicken,雞、雞肉,n,food,,,TRUE,
YL113-063,yilan113,63,chocolate,巧克力,n,food,,,TRUE,
YL113-064,yilan113,64,chopstick,筷子,n,object,,,TRUE,
YL113-065,yilan113,65,Christmas,聖誕節,n,holiday,,,TRUE,
YL113-066,yilan113,66,church,教堂,n,place,,,TRUE,
YL113-067,yilan113,67,circle,圓形、圈起來,n,shape,,,TRUE,
YL113-068,yilan113,68,city,城市,n,place,,,TRUE,
YL113-069,yilan113,69,classmate,同學,n,school,,,TRUE,
YL113-070,yilan113,70,classroom,教室,n,school,,,TRUE,
YL113-071,yilan113,71,clean,清潔、乾淨的,adj,status,,,TRUE,
YL113-072,yilan113,72,climb,爬、攀爬,v,action,,,TRUE,
YL113-073,yilan113,73,clothes,衣服,n,clothing,,,TRUE,
YL113-074,yilan113,74,cloudy,多雲的、陰天的,adj,weather,,,TRUE,
YL113-075,yilan113,75,coat,大衣,n,clothing,,,TRUE,
YL113-076,yilan113,76,coffee,咖啡,n,drink,,,TRUE,
YL113-077,yilan113,77,cold,冷的,adj,weather,,,TRUE,
YL113-078,yilan113,78,collect,收集,v,action,,,TRUE,
YL113-079,yilan113,79,color,顏色、著色,n,color,colour,,TRUE,
YL113-080,yilan113,80,come,來,v,action,,,TRUE,
YL113-081,yilan113,81,computer,電腦,n,object,,,TRUE,
YL113-082,yilan113,82,convenient,便利的,adj,status,,,TRUE,
YL113-083,yilan113,83,cook,煮、烹調、廚師,v,job,,,TRUE,
YL113-084,yilan113,84,cookie,餅乾,n,food,cooky,,TRUE,
YL113-085,yilan113,85,cool,涼爽的、酷的,adj,weather,,,TRUE,
YL113-086,yilan113,86,copy,影印、拷貝,v,school,,,TRUE,
YL113-087,yilan113,87,couch,長沙發、睡椅,n,house,sofa,,TRUE,
YL113-088,yilan113,88,count,數數、計算,v,action,,,TRUE,
YL113-089,yilan113,89,country,鄉村、國家,n,place,,,TRUE,
YL113-090,yilan113,90,crazy,瘋狂的,adj,feeling,,,TRUE,
YL113-091,yilan113,91,cry,哭泣,v,feeling,,,TRUE,
YL113-092,yilan113,92,cup,杯子,n,object,,,TRUE,
YL113-093,yilan113,93,cute,可愛的,adj,feeling,,,TRUE,
YL113-094,yilan113,94,dance,跳舞,v,sport,,,TRUE,
YL113-095,yilan113,95,dangerous,危險的,adj,status,,,TRUE,
YL113-096,yilan113,96,dark,黑暗的,adj,status,,,TRUE,
YL113-097,yilan113,97,date,日期,n,time,,,TRUE,
YL113-098,yilan113,98,daughter,女兒,n,family,,,TRUE,
YL113-099,yilan113,99,decide,決定,v,action,,,TRUE,
YL113-100,yilan113,100,delicious,美味的,adj,feeling,yummy,,TRUE,
YL113-101,yilan113,101,department store,百貨公司,n,place,,,TRUE,
YL113-102,yilan113,102,desk,書桌,n,house,,,TRUE,
YL113-103,yilan113,103,dictionary,字典,n,school,,,TRUE,
YL113-104,yilan113,104,different,不同的,adj,status,,,TRUE,
YL113-105,yilan113,105,dinner,晚餐,n,food,,,TRUE,
YL113-106,yilan113,106,dirty,骯髒的,adj,status,,,TRUE,
YL113-107,yilan113,107,dishes,碗盤,n,object,,,TRUE,
YL113-108,yilan113,108,doctor,醫生,n,job,,,TRUE,
YL113-109,yilan113,109,dodgeball,躲避球,n,sport,,,TRUE,
YL113-110,yilan113,110,doll,娃娃、玩偶,n,object,,,TRUE,
YL113-111,yilan113,111,dollar,(美)元,n,object,,,TRUE,
YL113-112,yilan113,112,door,門,n,house,,,TRUE,
YL113-113,yilan113,113,Double Tenth Day,雙十節,n,holiday,,,TRUE,
YL113-114,yilan113,114,dozen,一打,n,number,,,TRUE,
YL113-115,yilan113,115,dream,夢想、作夢,n,feeling,,,TRUE,
YL113-116,yilan113,116,dress,洋裝,n,clothing,,,TRUE,
YL113-117,yilan113,117,drink,喝,v,drink,,,TRUE,
YL113-118,yilan113,118,driver,司機,n,job,,,TRUE,
YL113-119,yilan113,119,dry,乾燥的、乾的,adj,weather,,,TRUE,
YL113-120,yilan113,120,ear,耳朵,n,body,,,TRUE,
YL113-121,yilan113,121,eat,吃,v,food,,,TRUE,
YL113-122,yilan113,122,elephant,大象,n,animal,,,TRUE,
YL113-123,yilan113,123,eleven,十一,num,number,,,TRUE,
YL113-124,yilan113,124,elf,小精靈,n,people,,,TRUE,
YL113-125,yilan113,125,e-mail,電子郵件,n,object,email,,TRUE,
YL113-126,yilan113,126,English,英文、英語,n,school,,,TRUE,
YL113-127,yilan113,127,eraser,橡皮擦、擦子,n,school,,,TRUE,
YL113-128,yilan113,128,evening,傍晚、晚上,n,time,,,TRUE,
YL113-129,yilan113,129,excellent,傑出的、優秀的,adj,status,,,TRUE,
YL113-130,yilan113,130,excited,刺激的、興奮的,adj,feeling,,,TRUE,
YL113-131,yilan113,131,expensive,昂貴的,adj,status,,,TRUE,
YL113-132,yilan113,132,eye,眼睛,n,body,,,TRUE,
YL113-133,yilan113,133,face,臉,n,body,,,TRUE,
YL113-134,yilan113,134,factory,工廠,n,place,,,TRUE,
YL113-135,yilan113,135,family,家庭、家人,n,family,,,TRUE,
YL113-136,yilan113,136,fan,電風扇、扇子,n,house,,,TRUE,
YL113-137,yilan113,137,farmer,農夫,n,job,,,TRUE,
YL113-138,yilan113,138,fast,快的,adj,status,quick,,TRUE,
YL113-139,yilan113,139,Father's Day,父親節,n,holiday,,,TRUE,
YL113-140,yilan113,140,favorite,最愛的,adj,feeling,favourite,,TRUE,
YL113-141,yilan113,141,fall,秋天,n,season,autumn,,TRUE,
YL113-142,yilan113,142,feel,感覺,v,feeling,,,TRUE,
YL113-143,yilan113,143,finally,最後、終於,adv,other,,,TRUE,
YL113-144,yilan113,144,finger,手指,n,body,,,TRUE,
YL113-145,yilan113,145,fish,魚,n,animal,,,TRUE,
YL113-146,yilan113,146,fisherman,漁夫,n,job,,,TRUE,
YL113-147,yilan113,147,five,五,num,number,,,TRUE,
YL113-148,yilan113,148,flower,花,n,nature,,,TRUE,
YL113-149,yilan113,149,food,食物,n,food,,,TRUE,
YL113-150,yilan113,150,foreigner,外國人,n,people,,,TRUE,
YL113-151,yilan113,151,fork,叉子,n,object,,,TRUE,
YL113-152,yilan113,152,four,四,num,number,,,TRUE,
YL113-153,yilan113,153,Friday,星期五,n,day,,,TRUE,
YL113-154,yilan113,154,friend,朋友,n,people,,,TRUE,
YL113-155,yilan113,155,fruit,水果,n,fruit,,,TRUE,
YL113-156,yilan113,156,giraffe,長頸鹿,n,animal,,,TRUE,
YL113-157,yilan113,157,go,去,v,action,,,TRUE,
YL113-158,yilan113,158,goodbye,再見,interj,other,bye|good-bye,,TRUE,
YL113-159,yilan113,159,grandma,祖母,n,family,grandmother,,TRUE,
YL113-160,yilan113,160,grandpa,祖父,n,family,grandfather,,TRUE,
YL113-161,yilan113,161,great,美好的、偉大的,adj,feeling,,,TRUE,
YL113-162,yilan113,162,green,綠色,adj,color,,,TRUE,
YL113-163,yilan113,163,guess,猜,v,action,,,TRUE,
YL113-164,yilan113,164,garbage,垃圾,n,object,trash,,TRUE,
YL113-165,yilan113,165,garden,花園,n,place,,,TRUE,
YL113-166,yilan113,166,gift,禮物,n,object,present,,TRUE,
YL113-167,yilan113,167,glasses,眼鏡,n,clothing,,,TRUE,
YL113-168,yilan113,168,glove,手套,n,clothing,,,TRUE,
YL113-169,yilan113,169,goat,山羊,n,animal,,,TRUE,
YL113-170,yilan113,170,grass,草,n,nature,,,TRUE,
YL113-171,yilan113,171,gray,灰色,adj,color,grey,,TRUE,
YL113-172,yilan113,172,ground,地面,n,place,,,TRUE,
YL113-173,yilan113,173,hamburger,漢堡,n,food,burger,,TRUE,
YL113-174,yilan113,174,hand,手,n,body,,,TRUE,
YL113-175,yilan113,175,head,頭,n,body,,,TRUE,
YL113-176,yilan113,176,help,幫助,v,action,,,TRUE,
YL113-177,yilan113,177,hair,頭髮,n,body,,,TRUE,
YL113-178,yilan113,178,habit,習慣,n,other,,,TRUE,
YL113-179,yilan113,179,Halloween,萬聖節,n,holiday,,,TRUE,
YL113-180,yilan113,180,healthy,健康的,adj,status,,,TRUE,
YL113-181,yilan113,181,history,歷史,n,school,,,TRUE,
YL113-182,yilan113,182,holiday,假日、假期,n,holiday,,,TRUE,
YL113-183,yilan113,183,honest,誠實的、正直的,adj,status,,,TRUE,
YL113-184,yilan113,184,horse,馬,n,animal,,,TRUE,
YL113-185,yilan113,185,hospital,醫院,n,place,,,TRUE,
YL113-186,yilan113,186,hot dog,熱狗,n,food,hotdog,,TRUE,
YL113-187,yilan113,187,hotel,旅館,n,place,,,TRUE,
YL113-188,yilan113,188,hundred,百,num,number,,,TRUE,
YL113-189,yilan113,189,hurt,受傷、危害,v,status,,,TRUE,
YL113-190,yilan113,190,hour,小時,n,time,,,TRUE,
YL113-191,yilan113,191,homework,家庭作業,n,school,,,TRUE,
YL113-192,yilan113,192,hot,熱的,adj,weather,,,TRUE,
YL113-193,yilan113,193,hungry,飢餓的,adj,feeling,,,TRUE,
YL113-194,yilan113,194,ice cream,冰淇淋,n,food,ice-cream,,TRUE,
YL113-195,yilan113,195,important,重要的,adj,status,,,TRUE,
YL113-196,yilan113,196,Internet,網際網路,n,object,internet,,TRUE,
YL113-197,yilan113,197,island,島嶼,n,place,,,TRUE,
YL113-198,yilan113,198,jacket,夾克,n,clothing,,,TRUE,
YL113-199,yilan113,199,jeans,牛仔褲,n,clothing,,,TRUE,
YL113-200,yilan113,200,jog,慢跑,v,sport,,,TRUE,
YL113-201,yilan113,201,jump,跳躍,v,sport,,,TRUE,
YL113-202,yilan113,202,juice,果汁,n,drink,,,TRUE,
YL113-203,yilan113,203,kick,踢,v,sport,,,TRUE,
YL113-204,yilan113,204,knee,膝蓋,n,body,,,TRUE,
YL113-205,yilan113,205,knife,刀子,n,object,,,TRUE,
YL113-206,yilan113,206,kitchen,廚房,n,house,,,TRUE,
YL113-207,yilan113,207,kite,風箏,n,object,,,TRUE,
YL113-208,yilan113,208,lake,湖泊,n,nature,,,TRUE,
YL113-209,yilan113,209,late,遲到的,adj,time,,,TRUE,
YL113-210,yilan113,210,leg,腿,n,body,,,TRUE,
YL113-211,yilan113,211,like,喜歡、像,v,feeling,,,TRUE,
YL113-212,yilan113,212,lion,獅子,n,animal,,,TRUE,
YL113-213,yilan113,213,living room,客廳(起居室),n,house,living-room,,TRUE,
YL113-214,yilan113,214,lunch,午餐,n,food,,,TRUE,
YL113-215,yilan113,215,laugh,笑,v,feeling,,,TRUE,
YL113-216,yilan113,216,lazy,懶惰的,adj,status,,,TRUE,
YL113-217,yilan113,217,left,左邊、剩下的,n,other,,,TRUE,
YL113-218,yilan113,218,library,圖書館,n,place,,,TRUE,
YL113-219,yilan113,219,listen,聽,v,action,,,TRUE,
YL113-220,yilan113,220,lonely,孤獨的、單獨的,adj,feeling,,,TRUE,
YL113-221,yilan113,221,lucky,幸運的,adj,feeling,,,TRUE,
YL113-222,yilan113,222,many,很多,adj,other,,,TRUE,
YL113-223,yilan113,223,marker,麥克筆、白板筆、彩色筆,n,school,,,TRUE,
YL113-224,yilan113,224,math,數學,n,school,mathematics,,TRUE,
YL113-225,yilan113,225,milk,牛奶,n,drink,,,TRUE,
YL113-226,yilan113,226,Monday,星期一,n,day,,,TRUE,
YL113-227,yilan113,227,monkey,猴子,n,animal,,,TRUE,
YL113-228,yilan113,228,morning,早上,n,time,,,TRUE,
YL113-229,yilan113,229,mouse,老鼠、滑鼠,n,animal,,,TRUE,
YL113-230,yilan113,230,mouth,嘴巴,n,body,,,TRUE,
YL113-231,yilan113,231,music,音樂,n,school,,,TRUE,
YL113-232,yilan113,232,machine,機器,n,object,,,TRUE,
YL113-233,yilan113,233,medicine,藥,n,object,,,TRUE,
YL113-234,yilan113,234,menu,菜單,n,food,,,TRUE,
YL113-235,yilan113,235,minute,分鐘,n,time,,,TRUE,
YL113-236,yilan113,236,mistake,錯誤,n,other,,,TRUE,
YL113-237,yilan113,237,Moon Festival,中秋節,n,holiday,,,TRUE,
YL113-238,yilan113,238,Mother's Day,母親節,n,holiday,,,TRUE,
YL113-239,yilan113,239,money,錢、金錢,n,object,,,TRUE,
YL113-240,yilan113,240,mountain,山、山脈,n,nature,,,TRUE,
YL113-241,yilan113,241,movie,電影,n,object,film,,TRUE,
YL113-242,yilan113,242,museum,博物館,n,place,,,TRUE,
YL113-243,yilan113,243,neck,頸部、脖子,n,body,,,TRUE,
YL113-244,yilan113,244,New Year's Day,新年(元旦),n,holiday,,,TRUE,
YL113-245,yilan113,245,noodle,麵條,n,food,noodles,,TRUE,
YL113-246,yilan113,246,north,北方、北方的、北部的,n,place,,,TRUE,
YL113-247,yilan113,247,name,名字,n,people,,,TRUE,
YL113-248,yilan113,248,new,新的,adj,status,,,TRUE,
YL113-249,yilan113,249,night,夜晚,n,time,,,TRUE,
YL113-250,yilan113,250,notebook,筆記本,n,school,,,TRUE,
YL113-251,yilan113,251,nose,鼻子,n,body,,,TRUE,
YL113-252,yilan113,252,number,號碼,n,number,,,TRUE,
YL113-253,yilan113,253,nurse,護士,n,job,,,TRUE,
YL113-254,yilan113,254,office,辦公室,n,place,,,TRUE,
YL113-255,yilan113,255,old,老的、舊的,adj,status,,,TRUE,
YL113-256,yilan113,256,open,打開,v,action,,,TRUE,
YL113-257,yilan113,257,orange,柳橙、橘色的,n,color,,,TRUE,
YL113-258,yilan113,258,page,頁、頁數,n,school,,,TRUE,
YL113-259,yilan113,259,pants,褲子,n,clothing,trousers,,TRUE,
YL113-260,yilan113,260,parents,雙親,n,family,,,TRUE,
YL113-261,yilan113,261,pet,寵物,n,animal,,,TRUE,
YL113-262,yilan113,262,picnic,郊遊、野餐,n,place,,,TRUE,
YL113-263,yilan113,263,picture,圖畫、照片,n,object,photo,,TRUE,
YL113-264,yilan113,264,playground,操場、遊樂場,n,school,,,TRUE,
YL113-265,yilan113,265,police station,警察局,n,place,,,TRUE,
YL113-266,yilan113,266,popcorn,爆米花,n,food,,,TRUE,
YL113-267,yilan113,267,popular,受歡迎的,adj,status,,,TRUE,
YL113-268,yilan113,268,pork,豬肉,n,food,,,TRUE,
YL113-269,yilan113,269,post office,郵局,n,place,,,TRUE,
YL113-270,yilan113,270,problem,問題、困難,n,other,trouble,,TRUE,
YL113-271,yilan113,271,pull,拉,v,action,,,TRUE,
YL113-272,yilan113,272,push,推,v,action,,,TRUE,
YL113-273,yilan113,273,park,公園,n,place,,,TRUE,
YL113-274,yilan113,274,pencil case,鉛筆盒,n,school,pencil-case,,TRUE,
YL113-275,yilan113,275,piano,鋼琴,n,object,,,TRUE,
YL113-276,yilan113,276,pink,粉紅色,adj,color,,,TRUE,
YL113-277,yilan113,277,pizza,披薩,n,food,,,TRUE,
YL113-278,yilan113,278,play,玩、播放,v,action,,,TRUE,
YL113-279,yilan113,279,please,請、拜託,interj,other,,,TRUE,
YL113-280,yilan113,280,police officer,警察,n,job,policeman,,TRUE,
YL113-281,yilan113,281,purple,紫色,adj,color,,,TRUE,
YL113-282,yilan113,282,question,問題,n,school,,,TRUE,
YL113-283,yilan113,283,queen,皇后,n,people,,,TRUE,
YL113-284,yilan113,284,quiet,安靜的、安靜,adj,status,,,TRUE,
YL113-285,yilan113,285,quiz,小考、測驗,n,school,test,,TRUE,
YL113-286,yilan113,286,radio,廣播,n,object,,,TRUE,
YL113-287,yilan113,287,rainbow,彩虹,n,nature,,,TRUE,
YL113-288,yilan113,288,restaurant,餐廳,n,place,,,TRUE,
YL113-289,yilan113,289,right,右邊、正確的,n,other,correct,,TRUE,
YL113-290,yilan113,290,river,河流,n,nature,,,TRUE,
YL113-291,yilan113,291,road,路,n,place,street,,TRUE,
YL113-292,yilan113,292,run,跑,v,sport,,,TRUE,
YL113-293,yilan113,293,rabbit,兔子,n,animal,,,TRUE,
YL113-294,yilan113,294,read,讀,v,school,,,TRUE,
YL113-295,yilan113,295,red,紅色,adj,color,,,TRUE,
YL113-296,yilan113,296,restroom,廁所,n,house,bathroom|toilet,,TRUE,
YL113-297,yilan113,297,rice,飯、米,n,food,,,TRUE,
YL113-298,yilan113,298,robot,機器人,n,object,,,TRUE,
YL113-299,yilan113,299,sad,悲傷的,adj,feeling,unhappy,,TRUE,
YL113-300,yilan113,300,sandwich,三明治,n,food,,,TRUE,
YL113-301,yilan113,301,Saturday,星期六,n,day,,,TRUE,
YL113-302,yilan113,302,school,學校,n,school,,,TRUE,
YL113-303,yilan113,303,sea,海、海洋,n,nature,ocean,,TRUE,
YL113-304,yilan113,304,see,看,v,action,look,,TRUE,
YL113-305,yilan113,305,short,矮的、短的,adj,status,,,TRUE,
YL113-306,yilan113,306,sick,生病的,adj,status,ill,,TRUE,
YL113-307,yilan113,307,sing,唱,v,music,,,TRUE,
YL113-308,yilan113,308,skirt,裙子,n,clothing,,,TRUE,
YL113-309,yilan113,309,sleep,睡覺,v,action,,,TRUE,
YL113-310,yilan113,310,smell,聞、氣味,v,feeling,,,TRUE,
YL113-311,yilan113,311,snack,點心,n,food,,,TRUE,
YL113-312,yilan113,312,some,一些,adj,other,,,TRUE,
YL113-313,yilan113,313,sorry,難過的、抱歉的,adj,feeling,,,TRUE,
YL113-314,yilan113,314,Sunday,星期日,n,day,,,TRUE,
YL113-315,yilan113,315,scooter,輕型摩托車,n,vehicle,motorcycle,,TRUE,
YL113-316,yilan113,316,safe,安全的,adj,status,,,TRUE,
YL113-317,yilan113,317,salad,沙拉,n,food,,,TRUE,
YL113-318,yilan113,318,salty,鹹的,adj,food,,,TRUE,
YL113-319,yilan113,319,same,相同的、一樣的,adj,status,,,TRUE,
YL113-320,yilan113,320,student,學生,n,school,pupil,,TRUE,
YL113-321,yilan113,321,season,季節,n,season,,,TRUE,
YL113-322,yilan113,322,shape,形狀,n,shape,,,TRUE,
YL113-323,yilan113,323,share,分享,v,action,,,TRUE,
YL113-324,yilan113,324,sheep,綿羊,n,animal,,,TRUE,
YL113-325,yilan113,325,ship,大船,n,vehicle,,,TRUE,
YL113-326,yilan113,326,shirt,襯衫,n,clothing,,,TRUE,
YL113-327,yilan113,327,shoe,鞋子,n,clothing,shoes,,TRUE,
YL113-328,yilan113,328,shop,商店,n,place,store,,TRUE,
YL113-329,yilan113,329,shopkeeper,店主,n,job,,,TRUE,
YL113-330,yilan113,330,shoulder,肩膀,n,body,,,TRUE,
YL113-331,yilan113,331,shy,害羞的,adj,feeling,,,TRUE,
YL113-332,yilan113,332,slow,慢的,adj,status,,,TRUE,
YL113-333,yilan113,333,smile,微笑,v,feeling,,,TRUE,
YL113-334,yilan113,334,smoke,吸煙、煙,v,object,,,TRUE,
YL113-335,yilan113,335,snake,蛇,n,animal,,,TRUE,
YL113-336,yilan113,336,snowy,下雪的,adj,weather,,,TRUE,
YL113-337,yilan113,337,sock,短襪,n,clothing,socks,,TRUE,
YL113-338,yilan113,338,song,歌曲,n,music,,,TRUE,
YL113-339,yilan113,339,sound,聲音、聽起來,n,feeling,,,TRUE,
YL113-340,yilan113,340,south,南方、南方的、南部的,n,place,,,TRUE,
YL113-341,yilan113,341,speak,說話,v,action,talk,,TRUE,
YL113-342,yilan113,342,spoon,湯匙,n,object,,,TRUE,
YL113-343,yilan113,343,spring,春天、泉水,n,season,,,TRUE,
YL113-344,yilan113,344,story,故事,n,school,,,TRUE,
YL113-345,yilan113,345,stranger,陌生人,n,people,,,TRUE,
YL113-346,yilan113,346,street,街道,n,place,road,,TRUE,
YL113-347,yilan113,347,successful,成功的,adj,status,,,TRUE,
YL113-348,yilan113,348,sugar,糖,n,food,,,TRUE,
YL113-349,yilan113,349,summer,夏天,n,season,,,TRUE,
YL113-350,yilan113,350,supermarket,超級市場,n,place,,,TRUE,
YL113-351,yilan113,351,surprised,驚訝的,adj,feeling,,,TRUE,
YL113-352,yilan113,352,sweater,毛衣,n,clothing,,,TRUE,
YL113-353,yilan113,353,swim,游泳,v,sport,,,TRUE,
YL113-354,yilan113,354,Taiwan,台灣,n,place,,,TRUE,
YL113-355,yilan113,355,taxi,計程車,n,vehicle,cab,,TRUE,
YL113-356,yilan113,356,Teacher's Day,教師節,n,holiday,,,TRUE,
YL113-357,yilan113,357,telephone,電話,n,object,phone,,TRUE,
YL113-358,yilan113,358,television,電視,n,object,TV|tv,,TRUE,
YL113-359,yilan113,359,Thanksgiving,感恩節,n,holiday,,,TRUE,
YL113-360,yilan113,360,thirsty,口渴的,adj,feeling,,,TRUE,
YL113-361,yilan113,361,thousand,千,num,number,,,TRUE,
YL113-362,yilan113,362,tomorrow,明天,n,time,,,TRUE,
YL113-363,yilan113,363,traffic,交通,n,vehicle,,,TRUE,
YL113-364,yilan113,364,train station,火車站,n,place,,,TRUE,
YL113-365,yilan113,365,truck,卡車、貨車,n,vehicle,,,TRUE,
YL113-366,yilan113,366,typhoon,颱風,n,weather,,,TRUE,
YL113-367,yilan113,367,ten,十,num,number,,,TRUE,
YL113-368,yilan113,368,three,三,num,number,,,TRUE,
YL113-369,yilan113,369,Thursday,星期四,n,day,,,TRUE,
YL113-370,yilan113,370,tiger,老虎,n,animal,,,TRUE,
YL113-371,yilan113,371,tired,疲倦的,adj,feeling,,,TRUE,
YL113-372,yilan113,372,today,今天,n,time,,,TRUE,
YL113-373,yilan113,373,train,火車,n,vehicle,,,TRUE,
YL113-374,yilan113,374,tree,樹,n,nature,,,TRUE,
YL113-375,yilan113,375,Tuesday,星期二,n,day,,,TRUE,
YL113-376,yilan113,376,twelve,十二,num,number,,,TRUE,
YL113-377,yilan113,377,two,二,num,number,,,TRUE,
YL113-378,yilan113,378,umbrella,雨傘,n,object,,,TRUE,
YL113-379,yilan113,379,uniform,制服,n,clothing,,,TRUE,
YL113-380,yilan113,380,vacation,假期,n,holiday,holiday,,TRUE,
YL113-381,yilan113,381,vegetable,蔬菜,n,food,veggie,,TRUE,
YL113-382,yilan113,382,walk,走路,v,sport,,,TRUE,
YL113-383,yilan113,383,want,想要、需要,v,action,need,,TRUE,
YL113-384,yilan113,384,wash,清洗,v,action,clean,,TRUE,
YL113-385,yilan113,385,watch,看、手錶,n,object,,,TRUE,
YL113-386,yilan113,386,water,水,n,drink,,,TRUE,
YL113-387,yilan113,387,weather,天氣,n,weather,,,TRUE,
YL113-388,yilan113,388,Wednesday,星期三,n,day,,,TRUE,
YL113-389,yilan113,389,week,星期、週,n,time,,,TRUE,
YL113-390,yilan113,390,weekend,週末,n,time,,,TRUE,
YL113-391,yilan113,391,what,什麼,pron,other,,,TRUE,
YL113-392,yilan113,392,white,白色,adj,color,,,TRUE,
YL113-393,yilan113,393,window,窗戶,n,house,,,TRUE,
YL113-394,yilan113,394,windy,多風的、有風的、風大的,adj,weather,,,TRUE,
YL113-395,yilan113,395,winter,冬天,n,season,,,TRUE,
YL113-396,yilan113,396,write,寫,v,school,,,TRUE,
YL113-397,yilan113,397,yellow,黃色,adj,color,,,TRUE,
YL113-398,yilan113,398,yesterday,昨天,n,time,,,TRUE,
YL113-399,yilan113,399,young,年輕的,adj,status,,,TRUE,
YL113-400,yilan113,400,zebra,斑馬,n,animal,,,TRUE,
